0,5.29054,5.20288,5.38797
1,4.89735,4.14481,4.90832
2,1.00379,-3.56692,1.22157
3,25.2995,-3.54083,25.7942
4,3.17677,-5.77454,3.17747
5,89.5662,-2.1352,92.0462
6,4.1516,5.56952,4.21372
7,14.7931,0.985446,38.0301
8,0.569074,-7.99051,0.572471
9,5.2639,-5.99288,5.2647
10,0.991988,-2.05908,3.08075
11,4.33692,4.22395,5.1716
12,1.65941,5.82913,1.66085
13,31.8275,2.36101,36.3429
14,10.3411,5.41442,10.3729
15,1.1961,-6.18858,1.25421
16,3.71384,3.80405,5.56271
17,43.8933,3.60477,44.1737
18,1.57394,-1.6169,4.18106
19,0.786988,5.70002,0.790213
20,8.94372,-4.7198,9.08024
21,4.29248,5.17568,4.29945
22,9.03125,3.72501,9.50826
23,5.00711,-1.61663,6.47795
24,3.01601,1.75984,4.78401
25,26.5491,0.373322,89.0805
26,6.14465,-1.17938,8.88028
27,24.4401,-3.96519,24.6827
28,3.36149,-6.34461,3.3618
29,12.1833,-4.63582,12.3161
30,11.6228,-4.53494,11.6309
31,14.4047,-4.30664,14.6138
32,16,-3.90497,16.6258
33,19.3438,-1.91701,32.3186
34,32.047,-2.20571,37.3404
35,7.22745,1.59516,36.2253
36,9.41252,-2.99789,13.2285
37,0.850694,7.67236,0.850747
38,2.60859,6.75783,2.60891
39,14.1897,-2.73837,14.4581
40,7.00608,5.29445,7.06537
41,54.6805,0.803407,87.7031
42,7.79464,1.53394,9.10995
43,5.54278,-6.13075,5.55683
44,14.7679,-3.61022,15.541
45,11.9199,4.20455,12.2306
46,6.51849,3.81924,6.66414
47,9.15008,4.77592,9.15364
48,15.6381,-4.7752,15.7058
49,10.5774,3.62472,11.6022
50,49.2018,2.95086,50.1677
51,0.741106,8.81645,0.741113
52,44.3962,1.55865,58.0498
53,23.8654,1.0912,60.3762
54,12.9719,2.37215,21.5327
55,2.82917,-5.35959,2.93417
56,3.12829,-6.16018,3.1316
57,5.15249,5.23179,5.15969
58,1.17745,3.15376,1.48172
59,1.83908,-2.0683,25.5028
60,26.9268,0.983993,65.7687
61,11.356,-4.10978,11.3679
62,5.19075,2.64193,14.16
63,56.6061,-2.04481,61.1457
64,4.83019,3.17498,4.95569
65,1.62393,0.602866,69.9062
66,7.40238,-4.2988,7.83235
67,3.87427,4.82901,4.14482
68,3.46253,-5.1055,3.46525
69,3.62771,2.4235,4.04677
70,11.8196,4.41371,11.8274
71,10.895,3.63279,11.0096
72,2.53181,-4.02468,4.09916
73,13.1718,4.89185,13.2449
74,10.4852,3.73423,10.4965
75,5.4647,-4.43233,5.47604
76,5.31548,-3.98306,5.33959
77,2.14974,7.3238,2.14995
78,94.7263,-2.72505,95.4575
79,30.5318,-3.02196,31.9101
80,14.5479,4.28895,14.5507
81,1.49894,3.87212,1.57143
82,10.8399,5.04061,10.8411
83,25.1495,2.28757,25.4031
84,8.38463,-4.63221,8.56766
85,1.90596,3.72603,2.05403
86,4.04134,6.10045,4.04172
87,22.8903,-3.31851,23.7979
88,6.84729,3.11837,10.5989
89,7.61822,5.98265,7.625
90,17.5028,3.46161,17.5217
91,23.5365,1.90869,35.3535
92,3.16929,-5.35697,3.28525
93,4.20908,5.33297,4.30089
94,3.09789,-0.00982703,10.5057
95,8.79174,1.10501,11.2845
96,22.8185,2.66934,22.8798
97,2.49611,-0.1029,10.3652
98,2.97054,3.29678,3.16452
99,1.35348,3.68835,1.50477
100,3.51127,-5.01983,3.51473
101,6.10813,3.62309,7.79274
102,40.8573,-1.69756,52.2391
103,5.82375,6.18185,5.82407
104,18.4658,-5.21884,18.4937
105,47.0821,3.19335,47.743
106,1.88707,-4.67154,1.92338
107,20.6759,-3.43623,20.7093
108,9.64246,-5.00545,9.65277
109,12.6637,5.19844,12.7054
110,3.57005,-3.99691,4.86458
111,6.68463,-1.96076,25.9706
112,1.44116,6.1028,1.44208
113,5.54218,-4.73274,5.54582
114,5.3735,-4.44462,5.81483
115,4.57779,-3.62038,6.69166
116,5.37508,-3.70551,5.40454
117,18.8242,-0.211492,24.3033
118,22.8806,2.87983,24.5851
119,1.40996,6.62531,1.41033
120,8.98151,-6.20615,8.98904
121,23.4569,1.20697,57.0613
122,2.47243,5.8663,2.47387
123,0.58586,-7.14011,0.586396
124,2.55873,-5.44479,2.67684
125,17.6392,-3.21185,18.8926
126,28.4857,1.76145,29.2758
127,5.20607,-5.02345,5.21133
128,15.9073,1.54054,40.6229
129,15.5179,-4.416,15.6129
130,2.09769,-5.49754,2.1047
131,10.9238,3.32178,12.8052
132,30.2702,0.800317,75.3562
133,25.6587,2.5238,29.5313
134,1.73363,6.45952,1.75452
135,15.0704,-1.36412,46.1228
136,15.6219,3.30194,17.0052
137,100.712,-0.303565,132.447
138,2.77975,4.31722,2.90968
139,19.6036,-3.9901,19.8896
140,6.90022,-2.79648,7.20858
141,32.7999,3.85016,33.0271
142,3.30643,0.213155,15.6596
143,9.94129,0.772723,24.6406
144,25.8246,-3.4446,26.44
145,4.63155,-0.328609,86.6354
146,9.81595,3.5618,10.9647
147,31.1841,-3.93698,31.3819
148,8.28928,-2.28812,22.0556
149,23.2324,-2.24041,30.3018
150,2.02838,5.45932,2.03084
151,4.11454,5.42072,4.12959
152,4.64596,6.7492,4.64608
153,11.2349,2.69614,11.3283
154,28.858,-4.09493,29.0124
155,7.67557,-5.56427,7.71413
156,3.16778,-7.33612,3.16781
157,2.55983,6.83818,2.55994
158,5.03305,4.98736,5.03548
159,64.9095,1.49726,75.0958
160,4.59657,0.756372,14.534
161,27.0926,3.63567,27.5101
162,19.6434,3.20516,21.0253
163,7.52287,5.46544,7.56323
164,13.0601,-5.2154,13.0986
165,34.7639,-2.20828,39.7343
166,5.27562,-5.58859,5.27723
167,57.4741,-1.94531,62.3825
168,13.583,2.45111,20.9058
169,6.30284,-3.3714,6.35414
170,3.93423,2.29216,4.68722
171,4.97991,5.85612,5.00576
172,3.48089,-1.99011,5.83784
173,20.3599,-1.40671,41.6972
174,4.194,-5.10146,4.19775
175,1.16902,-4.76204,1.19156
176,2.44954,-3.67907,2.52152
177,21.0824,-3.57582,21.6542
178,25.9785,3.07198,27.3463
179,9.1929,1.60727,10.0896
180,5.2542,1.8955,11.126
181,5.5026,-1.59478,10.0061
182,8.62622,-1.31584,9.99166
183,4.77138,3.54554,7.04776
184,7.67967,0.711977,11.2184
185,4.79104,-5.72516,4.82805
186,19.7879,3.30678,20.8794
187,2.39277,5.38343,2.39851
188,9.11612,2.31408,19.9108
189,10.9126,3.5203,12.169
190,14.3291,3.36824,14.3713
191,4.2932,-5.62271,4.29387
192,9.57551,4.39333,9.58238
193,5.99564,2.50541,6.52531
194,3.78838,-6.12655,3.80944
195,3.26001,-4.20619,3.39274
196,1.33505,-7.2716,1.33517
197,4.32242,5.74367,4.32324
198,3.74258,-3.665,3.78091
199,2.25193,-3.89758,2.32717
200,4.39523,3.59097,4.49044
201,9.89392,3.58204,11.2498
202,10.7225,2.95785,10.8104
203,10.5197,-2.57383,17.2735
204,7.1707,-0.46901,14.2464
205,36.5519,1.74076,48.2665
206,4.51159,-5.9673,4.5124
207,4.97802,2.20643,6.18259
208,12.7513,4.98665,12.811
209,4.08723,6.47059,4.08735
210,4.81552,-0.440767,10.5284
211,2.65685,-6.69993,2.657
212,8.61777,4.79396,8.74209
213,11.5808,0.736798,16.2644
214,4.93374,1.76271,30.5062
215,1.75724,6.21845,1.75775
216,1.21422,4.98168,1.7535
217,4.95121,4.40827,5.44382
218,25.3206,4.10652,25.5025
219,47.2636,-3.51433,47.5751
220,1.58674,2.51592,2.94091
221,7.58027,4.02786,7.60355
222,4.70661,-4.42968,4.71415
223,5.34685,6.03333,5.36466
224,9.77373,-5.65939,9.79022
225,3.85059,5.00411,3.85407
226,46.8148,3.19153,47.4172
227,9.19849,-5.71241,9.21656
228,7.44979,3.97391,8.74318
229,3.03953,-2.08794,3.99889
230,4.90939,5.55892,4.95983
231,11.4808,-4.50923,11.6588
232,29.0914,1.14783,60.3162
233,8.84675,2.79843,14.337
234,9.87857,-1.45621,11.2392
235,5.21341,-2.94561,5.72357
236,17.5632,-0.774921,72.2232
237,7.63688,4.32878,7.9963
238,10.7062,-5.41724,10.7352
239,34.7115,0.39962,44.8506
240,61.3831,-2.74527,62.5256
241,8.31533,1.85055,9.19015
242,1.86521,7.00294,1.87264
243,0.699822,4.1727,0.769354
244,12.3382,4.27945,12.5918
245,4.11563,4.7136,4.42354
246,47.8788,3.37562,48.2737
247,8.15977,1.53543,9.52438
248,1.85573,-2.69745,5.28204
249,8.89775,-5.1538,8.95908
250,1.8601,5.04415,1.87043
251,16.3574,1.57283,40.4992
252,2.38285,3.72103,4.94041
253,10.9806,-3.93642,11.0669
254,12.4014,-0.44573,17.4193
255,19.9471,1.84423,33.8189
256,0.832787,4.01559,0.971144
257,0.157044,7.03809,0.160397
258,3.47275,-5.14886,3.6213
259,10.1973,3.84005,10.9201
260,12.0049,5.06041,12.0634
261,17.0984,-4.01288,17.414
262,5.37977,5.05715,5.38465
263,9.06633,-1.0466,57.55
264,25.5173,3.0637,25.5757
265,4.18105,5.79925,4.18257
266,12.0268,4.17263,12.3816
267,0.928949,-4.86743,0.943173
268,6.91206,5.23629,6.97867
269,21.7705,-4.43436,21.8769
270,5.65762,3.58411,5.68764
271,4.14888,-1.76431,6.41234
272,5.74359,3.77308,5.77519
273,4.88809,-4.40577,4.89925
274,5.2911,4.71556,5.29427
275,6.32655,3.65194,8.03551
276,4.87697,-2.02142,7.23709
277,7.10231,4.52814,7.10995
278,26.981,3.50747,27.5121
279,3.44246,6.04847,3.46883
280,1.88666,-6.93608,1.88677
281,1.26944,7.11837,1.26956
282,27.5234,-2.54485,30.6455
283,18.3333,4.76592,18.3994
284,1.43527,-3.63325,5.05505
285,8.26688,2.39073,8.68567
286,42.0753,3.59199,42.0921
287,7.05434,-1.81082,8.18254
288,3.49553,6.73137,3.49576
289,50.3366,0.764443,84.4832
290,3.41267,4.48194,3.97385
291,3.65867,2.79952,4.01459
292,4.49044,4.39913,4.50914
293,5.06902,-4.45241,5.10767
294,22.3822,2.07708,32.0573
295,35.1999,2.4225,35.292
296,2.54006,-4.75556,2.55362
297,33.971,-1.78465,44.4825
298,12.6385,-2.80052,16.7728
299,25.5258,-2.04268,34.5665
300,3.17615,2.95241,3.35662
301,9.80978,4.17831,10.2141
302,4.75477,-6.24253,4.76772
303,13.9568,1.50916,14.7889
304,58.1341,-2.32575,60.6919
305,3.80109,-5.10192,3.80413
306,2.91989,5.62985,2.99144
307,4.93343,-5.17934,4.93502
308,9.1191,0.09514,89.0736
309,9.54827,-2.75851,9.76228
310,3.74038,-6.88,3.74504
311,28.6787,-2.61786,31.6408
312,3.78848,-3.11147,8.91962
313,0.773131,7.37259,0.773346
314,30.3627,1.41621,52.0821
315,37.1766,3.41216,37.6692
316,1.86224,-5.54912,1.96829
317,9.01343,-2.5874,17.1921
318,4.26061,-6.03157,4.27923
319,3.3323,-5.74678,3.33316
320,5.81177,-3.48481,6.10092
321,21.8078,-1.45631,45.0231
322,11.0573,4.87648,11.1428
323,9.47573,2.70552,9.77818
324,6.22825,-3.06557,10.5288
325,7.42246,5.2682,7.48081
326,2.54171,-5.0579,2.54785
327,24.3313,-3.08875,25.6743
328,18.0428,3.895,18.3923
329,3.99827,4.15558,4.91675
330,2.3607,-2.11548,4.19405
331,2.85306,0.710997,14.5232
332,6.78242,-6.38721,6.7896
333,32.8012,0.599209,71.9513
334,9.39413,1.27823,14.8791
335,2.52687,-6.23135,2.55162
336,5.89978,-2.23819,20.2842
337,13.7222,-4.47421,13.8785
338,4.56514,-3.9389,4.6044
339,3.84408,-5.33716,3.84685
340,9.20524,4.50434,9.40381
341,47.0299,1.01761,74.5861
342,5.39817,-4.17264,6.07145
343,11.8234,-4.70818,11.937
344,9.46895,-3.03379,9.58019
345,9.13266,-4.1296,9.21001
346,7.25768,-1.31127,8.94245
347,2.0505,4.55474,2.06679
348,1.47689,4.33026,1.59646
349,27.866,-3.16945,28.8341
350,12.117,2.00234,27.0275
351,9.80028,2.54923,17.8395
352,11.1372,-2.89693,11.2976
353,6.29899,4.12444,6.95816
354,4.86752,-3.03775,10.2446
355,0.853313,-5.81433,1.01257
356,6.18551,-5.25611,6.18814
357,11.6845,2.45565,11.9383
358,3.61519,-5.32193,3.72559
359,1.15779,6.22227,1.21334
360,1.30942,-4.28512,1.33986
361,29.7653,-3.58228,30.1761
362,2.77925,-5.84506,2.78045
363,8.17143,5.44951,8.20707
364,4.29682,-3.32738,4.74729
365,1.31224,4.84827,1.9373
366,1.40129,6.33893,1.43811
367,28.3777,0.878767,29.8957
368,10.3301,-5.07065,10.3321
369,3.58516,-2.28903,4.70836
370,15.3332,4.42893,15.479
371,29.5584,-4.35083,29.649
372,23.879,1.60875,42.437
373,2.36963,-5.30548,2.37883
374,3.43552,5.99413,3.43602
375,59.0859,0.379081,104.607
376,1.04046,-4.4588,1.07095
377,1.70497,6.91829,1.70513
378,7.45799,-2.6682,7.66012
379,6.1336,4.28683,6.16028
380,5.70386,2.23461,19.9692
381,2.41436,6.96303,2.41444
382,10.2984,2.43416,10.4521
383,3.97071,5.9955,3.99728
384,51.1209,4.08936,51.2136
385,1.50117,5.39169,1.50659
386,30.9527,-2.32131,35.6696
387,94.0511,0.537556,113.371
388,3.42104,4.1724,3.45939
389,3.00353,4.37118,3.93669
390,10.2635,-4.46174,10.2685
391,1.63737,4.50407,1.71105
392,30.4917,2.9994,31.8447
393,2.32482,4.37157,3.24406
394,15.4395,-4.69145,15.5299
395,7.26042,-4.78174,7.26779
396,13.3294,2.79354,17.3139
397,4.5745,-3.27508,4.71441
398,51.2316,-3.45901,51.541
399,54.1171,-1.42167,66.9046
400,15.4889,-0.908561,65.8871
401,3.19072,-2.5382,3.60269
402,45.0483,3.14395,45.6672
403,3.20075,5.38725,3.3124
404,3.75006,4.14227,3.7824
405,1.94869,-6.95363,1.95623
406,1.52826,4.02981,1.60841
407,1.11666,-5.07827,1.12943
408,8.61367,-5.3075,8.61907
409,1.11109,-7.54038,1.11114
410,7.67419,-2.32851,7.94236
411,13.6503,-3.06146,15.9907
412,1.15456,-6.50405,1.155
413,10.0537,4.27575,10.065
414,3.58804,-3.78848,5.53769
415,1.82214,-6.38244,1.82245
416,8.54432,3.28696,10.8681
417,23.3816,3.53133,24.0611
418,2.85456,5.18636,2.85826
419,1.47899,-7.46083,1.48281
420,6.1083,4.35676,6.56799
421,8.85004,4.20645,8.85513
422,0.69709,-8.53749,0.698022
423,9.32908,4.08646,9.44166
424,1.89168,6.88807,1.89191
425,5.13724,0.406122,12.4462
426,2.54842,-6.69997,2.54875
427,1.56877,-6.82796,1.56893
428,2.84861,2.3757,3.40691
429,4.16212,1.8591,6.76567
430,42.755,2.94042,43.8503
431,4.19912,5.2958,4.20106
432,13.6257,-4.90766,13.6279
433,47.8367,-3.45398,48.1829
434,1.33425,-6.55851,1.33528
435,1.76526,-3.55236,1.86807
436,3.66307,5.98606,3.69148
437,13.0066,-4.00883,13.3861
438,1.0423,-6.28497,1.09567
439,9.54199,-3.32693,9.62164
440,14.7933,-3.04567,17.1186
441,6.69269,5.10688,6.69403
442,7.81946,2.72391,14.0429
443,1.21264,6.75746,1.21289
444,28.2705,-0.749092,75.8561
445,2.56257,-5.36423,2.5648
446,22.6027,3.94273,22.872
447,80.072,1.64651,86.7447
448,14.1361,-2.02875,28.0511
449,3.71274,5.35898,3.80711
450,11.6347,3.36308,11.658
451,2.75271,-6.88881,2.7528
452,9.73213,-5.30807,9.73269
453,26.5221,-1.9821,36.0694
454,3.22448,5.52829,3.22894
455,5.77109,-0.76602,13.0789
456,3.48113,-1.96298,7.09063
457,4.44191,-6.45681,4.45078
458,4.64405,6.16156,4.64428
459,35.8469,2.37063,39.5617
460,25.3058,-0.531362,30.8022
461,94.736,-2.48399,95.9189
462,2.3737,-2.41311,6.47529
463,5.46646,6.17371,5.47985
464,15.5433,2.39447,15.989
465,26.3792,-4.28678,26.4995
466,7.30076,-3.42671,7.43159
467,2.80455,1.33804,7.06188
468,3.79073,-1.24259,9.16751
469,2.97008,-5.23931,2.97213
470,16.6669,4.72525,16.7463
471,2.21172,4.21501,2.26311
472,1.14864,-5.98739,1.14975
473,6.04478,4.33727,6.52122
474,3.23146,-5.46994,3.23315
475,4.80231,2.81474,4.96694
476,11.4613,4.23883,11.5728
477,36.9334,3.73145,37.1916
478,8.13464,1.69153,9.27282
479,7.16658,-4.74871,7.33349
480,7.12638,-5.17917,7.13404
481,0.719301,6.74273,0.720256
482,3.2546,0.97753,8.40639
483,26.3192,0.910038,69.2368
484,3.55592,-2.0677,22.8177
485,6.43325,-4.02979,7.19993
486,15.2398,-4.74826,15.3194
487,17.3146,-5.15775,17.355
488,1.59087,4.20011,3.23142
489,3.88164,6.31882,3.88201
490,2.37122,-5.22853,2.57702
491,12.593,5.57633,12.595
492,18.8746,-3.9327,19.2074
493,14.9748,-2.01352,21.462
494,1.31549,6.02282,1.38984
495,41.1567,-2.32116,44.9248
496,50.4191,-2.90053,57.9955
497,43.7479,3.03627,44.291
498,7.79252,3.32085,10.2735
499,0.198131,-7.67765,0.19869
500,5.72973,-5.56508,5.73096
501,2.56759,-6.0091,2.56864
502,23.091,-5.27726,23.11
503,14.148,-2.33991,14.5885
504,8.03622,1.92795,8.75157
505,3.51981,-3.33333,3.63625
506,6.34956,-3.30916,6.40013
507,2.50527,4.46498,3.37357
508,14.5265,2.60455,19.8811
509,6.59629,6.28939,6.60443
510,2.8349,3.32285,2.97833
511,17.0306,-2.47881,21.6985
512,7.77684,3.59852,9.35973
513,4.16411,6.85228,4.16416
514,7.14023,4.17951,7.15118
515,5.96423,4.04435,6.77719
516,23.1914,3.12957,24.5556
517,2.65712,4.77972,2.68841
518,3.79192,5.15189,3.93135
519,1.28229,8.00346,1.28232
520,88.2139,0.726965,111.194
521,10.4241,-4.72865,10.4259
522,32.5941,0.192661,95.762
523,16.8161,3.49678,16.8435
524,4.20255,-4.41228,4.71439
525,10.0763,-3.20949,10.321
526,69.3412,0.823289,97.1277
527,23.6944,2.98832,25.4333
528,7.44058,0.338985,12.0863
529,1.90193,0.502658,9.90192
530,2.02847,7.30926,2.03206
531,8.23616,-4.45367,8.24458
532,1.65601,-6.45879,1.67983
533,11.0739,-4.1807,11.4295
534,12.0634,4.05617,12.0686
535,13.2914,-3.55975,13.3162
536,1.86225,6.43985,1.86254
537,43.9783,-3.48761,43.991
538,2.21624,-7.38987,2.21628
539,3.80813,-3.2844,7.80925
540,1.79286,4.98477,2.1425
541,6.08297,-5.37917,6.08993
542,19.1057,-3.52437,19.1364
543,37.1013,2.85407,38.5863
544,22.6953,-4.39745,22.8041
545,0.215423,-8.02225,0.215537
546,4.0335,-4.43384,4.57025
547,14.75,-2.99346,17.4012
548,33.9039,1.85537,43.8593
549,29.4292,2.09728,36.9066
550,3.79747,-5.06228,3.80002
551,7.41613,3.30548,9.99231
552,13.4644,4.19076,13.469
553,18.2984,1.8238,21.0041
554,12.4831,-3.82486,13.1078
555,7.3595,2.8898,12.4959
556,13.0956,-3.90247,13.1054
557,0.799533,2.80183,2.07499
558,4.88302,4.51889,4.88795
559,0.870921,-7.50724,0.87117
560,8.59107,1.3284,43.9533
561,3.78676,0.0510718,12.1887
562,4.64565,1.93952,6.38968
563,16.1769,-3.36552,19.084
564,13.3913,-2.75427,17.9504
565,6.25054,2.90372,6.42592
566,1.36225,6.71243,1.37998
567,10.0837,4.86143,10.192
568,8.66388,-5.28203,8.71369
569,3.04905,-3.95374,3.07574
570,8.35622,-4.42395,8.63791
571,2.29674,6.71329,2.29692
572,3.79676,3.71378,3.90845
573,4.86006,3.47842,7.29368
574,28.0576,1.05649,28.764
575,4.53846,3.58078,6.7378
576,4.82409,4.89643,4.82946
577,1.54865,2.11954,3.1917
578,5.58595,-4.63691,5.59012
579,13.4046,2.42616,13.5974
580,1.66373,-5.14082,1.66827
581,3.3275,-1.54527,10.3935
582,4.38791,-5.98156,4.41114
583,4.46436,-3.52397,4.64125
584,1.20922,-5.26743,1.51422
585,6.23132,4.65825,6.24333
586,16.5242,-3.0801,18.6814
587,9.91862,1.72334,32.7853
588,12.4412,-4.18776,12.7515
589,1.91898,-5.92241,1.91978
590,15.9913,4.48066,16.1287
591,0.530084,8.02715,0.530135
592,4.72642,-3.96508,5.7949
593,3.17138,6.87358,3.17153
594,0.903474,-5.45419,0.908056
595,4.07394,-4.84376,4.33799
596,8.75928,-4.11011,9.25744
597,5.49392,5.11804,5.60027
598,1.35366,4.4308,1.41824
599,44.5549,-1.42577,60.6714
600,8.0492,-4.82197,8.06249
601,5.36717,4.81599,5.37042
602,3.06655,4.11776,3.1013
603,6.6765,-5.27363,6.74017
604,28.7301,-1.56794,33.171
605,2.76001,-5.63697,2.83055
606,3.93151,-4.56691,4.35548
607,13.0509,-3.78939,13.6844
608,27.376,1.59408,44.2659
609,1.09626,1.7899,3.6717
610,7.43571,-2.28932,20.0275
611,2.54728,-3.16872,2.71695
612,10.2311,1.98608,29.3291
613,2.25896,-7.26234,2.25943
614,8.37399,4.71165,8.38037
615,7.35369,-4.44512,7.65547
616,4.16516,1.22713,7.60374
617,15.1816,-2.12849,27.8588
618,1.62274,6.26995,1.62442
619,18.3927,4.02681,18.7059
620,4.70789,-3.63886,4.74326
621,1.80885,-6.84079,1.80919
622,7.07982,3.04016,7.16429
623,3.59076,5.61299,3.59152
624,18.9377,-2.67056,23.789
625,4.34931,0.125272,16.1799
626,6.63781,0.309391,13.9223
627,85.1965,2.18571,87.5485
628,3.1374,-4.06539,4.44104
629,29.7502,0.584831,83.5451
630,12.8236,-2.14271,25.0619
631,2.93193,4.14769,3.03272
632,26.843,1.43323,50.8763
633,8.13686,1.27519,11.9292
634,3.42322,6.05478,3.42438
635,6.04519,6.37402,6.0459
636,47.699,-0.996322,80.0209
637,5.05257,-2.75738,13.5667
638,64.7732,-1.70196,72.1183
639,2.82487,4.90537,2.8289
640,9.06457,1.67648,34.0843
641,2.67521,2.22064,20.2245
642,1.37081,-2.9236,9.78091
643,2.07401,4.5933,2.09455
644,0.556805,7.59756,0.556905
645,22.9448,-2.6544,26.3256
646,1.59673,-5.99952,1.59753
647,63.9144,0.469265,104.891
648,15.3513,-3.16441,17.1656
649,77.3607,2.5099,78.7628
650,12.146,-0.67381,19.1075
651,1.99151,-1.51834,5.30774
652,3.09948,-2.13433,21.4424
653,5.56912,-2.90486,5.69068
654,9.11113,-3.66445,10.2224
655,5.08405,6.37608,5.09328
656,29.8894,3.05484,31.1465
657,19.8061,-3.74308,19.814
658,5.3108,-3.32934,8.42556
659,5.52061,-5.51474,5.56885
660,5.08333,-2.46345,5.63108
661,14.8958,-3.92742,15.2877
662,9.00809,-5.60752,9.03022
663,37.8381,-1.08249,40.7673
664,3.82254,3.86163,3.8571
665,2.24965,5.3392,2.25219
666,28.5281,-2.35619,33.4319
667,2.40207,5.90238,2.40287
668,11.4113,3.82302,11.4507
669,3.42521,-0.965263,16.7405
670,5.46392,-3.86859,5.63033
671,4.30934,-5.92391,4.32997
672,11.2766,5.44252,11.3038
673,4.59431,2.17629,5.18203
674,17.6921,3.99158,18.0111
675,2.29833,-1.27964,5.99896
676,14.757,-3.87517,14.7741
677,9.89634,1.21341,12.3917
678,4.04133,6.54375,4.0453
679,1.51352,7.07081,1.51367
680,2.75771,-7.32592,2.76029
681,24.3684,-4.26289,24.5031
682,0.758892,5.09765,0.776066
683,7.15451,-2.88294,12.4254
684,1.68468,-6.54496,1.68525
685,5.40101,-4.23221,6.01857
686,14.7239,-3.3833,15.9314
687,2.43559,-5.86893,2.48739
688,8.85172,-4.47648,9.07627
689,6.35814,3.25048,9.36052
690,1.85144,-6.74955,1.85159
691,19.3933,3.31264,19.4197
692,35.8806,-1.48095,39.5853
693,2.56972,-5.24436,2.58067
694,9.30001,0.204441,87.6906
695,8.01273,0.223149,14.609
696,4.98122,-2.28422,6.8677
697,5.54642,-4.95743,5.69335
698,9.83258,5.948,9.84121
699,25.1782,2.07058,33.8841
700,16.5272,-4.92045,16.5816
701,15.6365,-2.73831,19.7856
702,3.9672,3.55954,6.20926
703,11.376,-4.63508,11.5128
704,3.94272,3.98722,3.96164
705,4.30525,-6.11831,4.32345
706,6.02448,-5.23537,6.02608
707,2.47082,2.16805,3.69183
708,39.673,-2.49767,42.3589
709,25.8324,3.93336,26.1193
710,6.01784,-5.28402,6.08671
711,8.30169,2.40352,8.49984
712,16.1424,-3.41424,17.1888
713,5.0425,6.6731,5.04774
714,25.217,2.83342,27.4346
715,8.83153,1.72543,9.97615
716,5.1245,-2.22508,9.73866
717,4.28074,-1.60774,35.2663
718,2.2136,-6.54475,2.22942
719,5.79424,2.95459,7.3333
720,5.29521,4.34178,5.33949
721,3.99644,1.68141,7.39482
722,52.3985,2.98916,53.196
723,0.715874,8.42832,0.715896
724,2.7311,1.48754,5.18296
725,6.83713,-1.47368,8.85629
726,1.78963,-4.51199,1.80462
727,47.1854,-2.19187,51.207
728,0.535267,-5.99009,0.539169
729,11.5023,5.0678,11.5597
730,21.7726,-4.56505,21.8535
731,24.9569,-2.16789,32.3733
732,14.0657,5.05897,14.0716
733,14.627,2.94514,17.5351
734,27.0237,-1.17185,33.3318
735,51.6152,-2.56598,53.4837
736,3.68428,5.36116,3.78318
737,6.52069,-4.89282,6.6651
738,3.89665,-4.28798,3.90828
739,3.0142,-2.30048,3.82681
740,6.86283,0.274207,13.9119
741,39.6833,-2.74472,41.3729
742,51.7929,3.15118,52.3192
743,34.9631,3.32447,35.5587
744,24.6608,4.20606,24.8165
745,16.9841,0.0777787,19.7987
746,2.03546,-0.945558,12.8191
747,26.9754,3.25164,27.8876
748,1.7862,-6.83635,1.78635
749,14.1699,-5.06509,14.2178
750,11.0957,4.77627,11.2029
751,94.8636,-2.03762,97.6893
752,1.34804,6.98272,1.3482
753,10.1875,4.28547,10.1955
754,0.850384,-3.58359,1.0972
755,3.272,3.1395,3.41974
756,20.2831,1.1891,43.1389
757,2.20089,-4.9836,2.20796
758,7.99401,3.47069,8.06039
759,3.36329,-4.99213,3.59415
760,0.610306,-7.32561,0.610479
761,4.27537,-1.57077,6.31345
762,3.88852,-6.58739,3.89654
763,12.1225,-2.23096,13.1339
764,3.20724,-3.85769,5.01762
765,21.4738,-4.74992,21.475
766,2.85064,5.66162,2.91969
767,4.76482,-2.68952,8.2885
768,4.47724,3.20424,5.33073
769,3.29228,4.66879,3.69651
770,76.1626,0.64426,107.006
771,19.8031,3.66774,20.3509
772,8.45226,1.55841,9.59452
773,6.06086,1.82309,29.0894
774,29.0819,-3.78709,29.3849
775,6.82203,5.57984,6.85701
776,12.1238,-0.650842,16.9018
777,3.89815,3.66706,3.95147
778,5.28889,5.09635,5.29064
779,8.96534,-4.0802,8.97517
780,3.9631,3.40011,4.33771
781,46.6548,3.14695,47.3271
782,3.41328,5.22581,3.54976
783,15.0502,-3.0741,17.2087
784,8.32129,-2.34703,8.57318
785,9.64422,1.69511,12.5659
786,16.6724,1.18497,54.6141
787,6.41755,3.21997,6.50064
788,12.0321,-5.81036,12.0444
789,5.52443,-2.90496,5.74178
790,6.14876,-4.71248,6.36495
791,4.15053,-1.28691,7.00356
792,0.382728,8.31036,0.3854
793,17.0287,4.76933,17.0965
794,6.26735,4.49862,6.27874
795,18.2243,1.99673,28.863
796,8.73103,4.46814,8.96331
797,11.4415,2.16352,23.5364
798,11.0683,5.11252,11.1233
799,8.63085,-5.52604,8.63137
800,7.68685,-4.90897,7.79779
801,27.691,-3.15118,28.783
802,99.6838,0.708206,125.472
803,3.15825,-6.22132,3.15869
804,1.73616,5.90178,1.73845
805,47.3398,-2.64877,49.0312
806,10.8191,4.37524,11.0552
807,7.67058,5.38571,7.70627
808,31.2905,-2.60062,34.1262
809,37.8993,-3.29667,38.4571
810,3.38138,-5.86669,3.38378
811,2.49065,4.76896,2.51947
812,19.6434,-1.05917,22.5579
813,3.65773,-0.882945,11.472
814,5.12788,3.6986,7.04331
815,6.93199,-6.07592,6.94324
816,5.38876,5.11762,5.3904
817,3.58424,2.44113,4.0813
818,1.52091,6.98186,1.52929
819,8.60271,-5.30189,8.604
820,11.8913,-3.08148,14.5964
821,7.89723,1.03624,10.242
822,3.70522,4.66317,4.08644
823,3.32629,6.0399,3.35406
824,5.86027,-2.07768,6.92567
825,23.7896,-2.99523,25.4593
826,42.1814,1.22358,65.1678
827,1.82738,3.93094,1.87407
828,3.57818,2.21453,4.31592
829,36.0155,1.97416,43.7139
830,8.47212,-5.02694,8.47317
831,3.25168,-3.17322,8.34798
832,8.36086,5.55809,8.3879
833,3.45364,-1.03649,8.5758
834,6.83894,1.74384,31.7728
835,3.77448,5.35695,3.86898
836,13.9087,-5.12669,13.9571
837,14.7062,-3.32861,16.0455
838,11.1695,-4.03968,11.1773
839,6.91267,5.23876,6.91367
840,8.0378,1.80042,23.4079
841,4.61105,0.664122,14.5878
842,10.5603,3.15833,12.3307
843,2.01911,-4.03528,3.78915
844,1.40251,7.03247,1.40285
845,13.5158,-3.07125,13.5666
846,1.26988,5.53722,1.27449
847,3.49848,6.13715,3.52291
848,1.32281,-7.44598,1.32287
849,2.2709,5.19549,2.27706
850,2.52421,3.07553,2.6953
851,10.8858,-3.66503,11.8548
852,6.4445,3.59766,8.10145
853,1.29565,5.32674,1.30263
854,11.4089,-4.55015,11.412
855,10.1978,-4.64016,10.3187
856,2.63673,-0.88913,9.60459
857,1.51369,2.06083,4.66852
858,39.2924,-0.344435,95.128
859,7.95968,-2.95868,8.08835
860,25.0399,2.59003,28.7624
861,25.1688,-3.38306,25.9407
862,3.33797,-6.75096,3.33828
863,7.84542,5.39175,7.86617
864,4.25253,-1.39969,7.17636
865,9.23033,-5.67589,9.26297
866,3.39356,-4.00729,3.4298
867,8.74027,1.5087,10.2329
868,26.3851,-4.11398,26.5598
869,40.4106,1.4887,61.1405
870,9.44734,2.12086,23.657
871,11.4071,4.6831,11.4088
872,5.62954,4.72953,5.63431
873,7.93074,-4.44712,7.93441
874,13.5376,-0.0371951,70.4389
875,1.42958,4.00639,1.5619
876,19.0671,3.74163,19.5594
877,5.50192,-5.37443,5.56928
878,7.03388,-4.83468,7.18327
879,40.5011,1.05044,47.6623
880,21.6519,2.73085,24.3554
881,0.645768,3.89628,0.876669
882,18.4761,-2.38109,25.8449
883,4.18725,5.36389,4.19052
884,2.56602,-5.7455,2.62892
885,11.0593,-1.61714,35.808
886,16.9377,3.90009,16.9657
887,2.40825,-3.50889,2.49656
888,7.18432,-4.32492,7.21555
889,2.47882,5.41686,2.482
890,4.38429,-5.04133,4.54171
891,11.1815,-5.64532,11.1817
892,13.0709,-3.2999,13.2386
893,2.36544,2.98948,3.22384
894,6.76913,5.52201,6.76967
895,3.95275,0.138805,11.4778
896,51.1921,-2.03698,56.4645
897,34.8913,-3.39306,35.5533
898,5.38839,-1.62013,6.67795
899,5.9542,3.72538,7.37159
900,2.69091,-6.51836,2.69111
901,11.4741,5.78672,11.4876
902,16.3509,4.00581,16.6942
903,14.7536,-4.26457,14.9696
904,15.7156,3.74599,16.2952
905,4.74271,-2.76665,12.4651
906,16.8614,0.24446,20.9486
907,1.84629,7.37183,1.84668
908,7.17775,1.90967,8.3167
909,8.88701,-3.57931,10.3402
910,10.3638,-4.07177,10.8097
911,0.783641,7.82848,0.783707
912,1.85395,5.67208,1.95799
913,1.76459,-4.65681,1.79364
914,1.2726,6.82786,1.27301
915,45.332,-3.05356,46.0851
916,4.21614,5.01006,4.37821
917,5.33226,3.8886,6.52223
918,27.3754,-1.52423,46.9985
919,11.3826,-1.71109,34.1059
920,1.54618,4.93983,2.02129
921,4.35819,-4.65994,4.6844
922,11.2225,-4.05856,11.6473
923,2.86047,-5.62107,2.93655
924,1.91597,-3.48789,2.17936
925,8.92825,2.66385,9.61466
926,5.6805,2.47643,6.42635
927,3.78725,-3.99749,4.94881
928,5.32947,3.58039,7.3462
929,7.0797,-4.40976,7.08416
930,16.2533,5.17924,16.2853
931,6.31868,-6.7233,6.32255
932,7.94468,-5.52452,7.9837
933,2.45317,6.8728,2.46035
934,0.324192,3.5252,0.822159
935,10.2835,-2.56652,16.9717
936,10.8361,1.7664,30.9628
937,5.44103,-3.3399,5.52913
938,17.288,4.2958,17.409
939,7.17201,4.29995,7.25396
940,7.84051,1.83905,8.46202
941,10.5634,1.05977,12.329
942,2.42352,3.95538,2.4536
943,11.5901,3.26591,13.447
944,4.24409,-5.65222,4.29363
945,1.19139,6.58903,1.19237
946,6.18208,-2.54001,15.3262
947,1.98634,5.04291,1.99082
948,48.4578,-0.624591,71.0082
949,52.7405,-0.381562,96.7626
950,9.52443,4.05373,9.54116
951,1.24627,7.20119,1.2464
952,14.5982,-4.35913,14.7828
953,1.66703,3.45228,5.72449
954,20.6716,1.00855,26.4949
955,1.85763,5.41656,1.8603
956,12.3154,1.65959,13.453
957,1.4875,-7.53568,1.48755
958,2.9816,-5.46467,2.98318
959,14.5522,-4.54639,14.6753
960,25.3641,3.21791,26.1531
961,28.5766,-2.80658,30.8669
962,3.23231,-4.6424,3.64188
963,7.43009,5.16124,7.50917
964,1.85932,5.23992,1.87352
965,6.55774,3.33235,6.62969
966,26.6179,2.29732,31.8672
967,106.259,-1.77274,110.575
968,2.41715,3.84717,2.4628
969,121.4,-1.16866,139.555
970,8.32196,-3.40766,8.3531
971,14.3981,-3.42256,15.5962
972,10.3178,-0.974885,13.0051
973,2.37385,-5.37738,2.37643
974,8.83804,2.59893,8.97754
975,2.46241,1.08151,9.87368
976,16.9907,-3.98385,17.3519
977,32.2348,-1.92247,43.5074
978,25.369,2.12331,33.4063
979,10.8123,-5.27137,10.8532
980,1.41185,7.23307,1.41753
981,21.5246,-0.353323,24.03
982,5.15998,1.68772,6.40277
983,8.39733,3.26885,8.43331
984,8.95934,0.441466,14.3216
985,17.3944,2.86858,20.2196
986,23.4489,-1.50266,24.5346
987,9.23272,4.62386,9.24616
988,3.73287,-1.82355,4.99175
989,13.3173,-5.12197,13.3192
990,7.28717,-4.5256,7.29211
991,2.67606,6.0186,2.6766
992,12.6148,-1.5042,13.8757
993,1.03339,-7.00471,1.03712
994,2.56904,7.09799,2.56917
995,2.98178,-6.14375,2.98266
996,1.11377,3.98257,1.17858
997,30.4982,-4.25666,30.6102
998,5.51443,-2.00048,8.00345
999,24.7108,-2.96924,26.4624
